subject,from,to,date,body_text,body_html,attachments,id,提单号,提单总毛重(KG),大箱个数,包裹个数,总体积(CBM),目的地国家
[粤ZAE98港]317-10095492 报关资料（版本号 1-1746761464126-8094293）,customs@cn.logisticsmngmt.com,"habbo.huang@temu.com, hkop1@hkupower.com, customsdocuments@temu.com, 
	charl.zhang@temu.com, huangzhengxuan@sinotrans.com, 
	WingTse@silver-expressintl.com, hk-warehouse_1@TEMU.com, 
	gateway@ctsfreight.com, chenyh@silver-expressintl.com, 
	alfred.chen@temu.com, temugw@hz-benefitall.com, 
	CamilleLo@silver-expressintl.com, kjsybtemuHK@smartebao.com, 
	hkopdoc@hkupower.com, melody.tao@temu.com","Fri, 9 May 2025 03:35:30 +0000","你好，以下信息仅用于提单317-10095492-车牌号粤ZAE98港报关：
1、提单号：317-10095492
2、详细报关明细数据见附件",,./eml_results/attachments/317-10095492-20250509_3.xlsx,eml_[粤ZAE98港]317-10095492 报关资料（版本号 1-1746761464126-8094293）.eml_1765695123,317-10095492,,,,,比利时
